round,converged,train_epoch_1_loss,train_epoch_2_loss,train_epoch_3_loss,train_epoch_4_loss,train_epoch_5_loss,train_loss,training_time
1,0.0,0.696140984502067,0.5689217795996924,0.5025504580107183,0.3986733068384463,0.3490520960601599,0.5030677250022169,1.7573939548671573
2,0.0,0.48513483532582635,0.37776731430427696,0.2775030937577507,0.21134203336053461,0.17995032516666595,0.30633952038301093,0.027299525988036095
3,0.34806629834254144,0.21970840070643644,0.16646550771305219,0.13304387895702546,0.11830922187105315,0.1103594843589771,0.14957729872130887,0.03344602018430088
4,0.569060773480663,0.12346684437203967,0.1007386244113967,0.0841273461471948,0.1281953763834614,0.06706861041325039,0.10071936034546859,0.031641996367860234
5,0.9254143646408839,0.09010865317973175,0.07534386903920623,0.06281014719780893,0.05491576418597902,0.049194696273234195,0.06647462597519202,0.02561107063820349
6,0.925414364640884,0.07571465199218091,0.06568594984851717,0.05589483130174554,0.04598968094019699,0.04054395757974889,0.0567658143324779,0.03445519136460446
7,0.925414364640884,0.06437428915850872,0.055352626222509096,0.04628960022144561,0.04038754154728214,0.034741875694650454,0.0482291865688792,0.028969999176362598
8,0.925414364640884,0.0586865492292706,0.049022965903074915,0.04179762702632068,0.03579326889177091,0.030058093179340824,0.04307170084595558,0.03322116907130289
9,0.9999999999999999,0.056144152893161686,0.04346625418708836,0.03537793358769457,0.041559153643580794,0.02741582656911022,0.040792664176127126,0.030475081001197436
10,0.9999999999999999,0.04570004535793081,0.04063310594892672,0.031462981724085945,0.0271230453030274,0.023488142305823658,0.03368146412795891,0.05007458062461726
