round,command,node_id,loss,weight,bias,num_examples,training_time_seconds,evaluation_time_seconds,max_rss_kb,queue_wait_seconds,execution_total_seconds,broker_total_seconds
1,train,node-a8-103,3.3759055137634277,0.11128189414739609,0.18992493391036988,1000,0.01473689079284668,,23472,0.21906018257141113,0.30480074882507324,0.5238609313964844
1,evaluate,node-a8-103,3.3759055137634277,0.11128189414739609,0.1899249404668808,1000,,0.0015459060668945312,23480,0.3405015468597412,0.27666544914245605,0.6171669960021973
2,train,node-a8-103,2.634486436843872,0.2100069224834442,0.3565085023641587,1000,0.014336109161376953,,23480,1.4529294967651367,0.28951048851013184,1.7424399852752686
2,evaluate,node-a8-103,2.634486436843872,0.2100069224834442,0.3565084934234619,1000,,0.0015337467193603516,23480,1.817901849746704,0.2759103775024414,2.0938122272491455
3,train,node-a8-103,2.060675859451294,0.2976824939250946,0.5025662207603454,1000,0.014182806015014648,,23484,2.1300222873687744,0.2902498245239258,2.4202721118927
3,evaluate,node-a8-103,2.060675859451294,0.2976824939250946,0.5025662183761597,1000,,0.0015189647674560547,23484,0.23437190055847168,0.2778458595275879,0.5122177600860596
4,train,node-a8-103,1.6165188550949097,0.3756345212459564,0.6305743789672852,1000,0.0145111083984375,,23484,1.5773310661315918,0.28989315032958984,1.8672242164611816
4,evaluate,node-a8-103,1.6165188550949097,0.3756345212459564,0.6305744051933289,1000,,0.001560211181640625,23484,1.9513180255889893,0.27637481689453125,2.2276928424835205
5,train,node-a8-103,1.2726563215255737,0.4450291097164154,0.7427108573913576,1000,0.014567852020263672,,23484,0.014683008193969727,0.28965044021606445,0.3043334484100342
5,evaluate,node-a8-103,1.2726563215255737,0.4450291097164154,0.7427108287811279,1000,,0.0016927719116210938,23484,0.06972765922546387,0.27768516540527344,0.3474128246307373
6,train,node-a8-103,1.006378412246704,0.5068919062614441,0.8408909976482392,1000,0.01422429084777832,,23488,0.14905714988708496,0.2922501564025879,0.44130730628967285
6,evaluate,node-a8-103,1.006378412246704,0.5068919062614441,0.8408910036087036,1000,,0.001516580581665039,23492,0.23259639739990234,0.27703142166137695,0.5096278190612793
7,train,node-a8-103,0.8001179099082947,0.562125027179718,0.9267994785308838,1000,0.014326095581054688,,23492,1.5942962169647217,0.29119062423706055,1.8854868412017822
7,evaluate,node-a8-103,0.8001179099082947,0.562125027179718,0.926799476146698,1000,,0.0015423297882080078,23492,1.9534330368041992,0.2796750068664551,2.2331080436706543
8,train,node-a8-103,0.6402863264083862,0.61152184009552,1.001917860507965,1000,0.015379905700683594,,23492,0.02994990348815918,0.29023313522338867,0.32018303871154785
8,evaluate,node-a8-103,0.6402863264083862,0.61152184009552,1.001917839050293,1000,,0.0015110969543457031,23492,0.12518000602722168,0.27646684646606445,0.40164685249328613
9,train,node-a8-103,0.5163722634315491,0.6557802557945251,1.0675491786003113,1000,0.014661073684692383,,23492,0.19312047958374023,0.2906970977783203,0.48381757736206055
9,evaluate,node-a8-103,0.5163722634315491,0.6557802557945251,1.067549228668213,1000,,0.001524209976196289,23492,0.2761361598968506,0.27707600593566895,0.5532121658325195
10,train,node-a8-103,0.4202452003955841,0.6955140829086304,1.1248395311832426,1000,0.014360427856445312,,23492,0.33155298233032227,0.2898082733154297,0.621361255645752
10,evaluate,node-a8-103,0.4202452003955841,0.6955140829086304,1.1248395442962646,1000,,0.0015392303466796875,23492,1.641272783279419,0.27677249908447266,1.9180452823638916
