round,command,node_id,loss,initial_loss,loss_improvement,weight,bias,num_examples,training_time_seconds,evaluation_time_seconds,max_rss_kb,queue_wait_seconds,execution_total_seconds,broker_total_seconds,dataset_seed,x_min,x_max,x_mean,x_std,noise_std,node_variant
1,train,node-a8-105,2.3211450576782227,2.887132406234741,0.5659873485565186,0.05909216031432152,0.15841872930526732,1000,0.016869068145751953,,23172,,,,645197529,0.0006419808487407863,0.6495880484580994,0.328956663608551,0.18824568390846252,0.03,0
2,train,node-a8-105,2.3211450576782227,2.887132406234741,0.5659873485565186,0.05909216031432152,0.15841872930526732,1000,0.016869068145751953,,23172,0.9618463516235352,0.32439327239990234,1.2862396240234375,645197529,0.0006419808487407863,0.6495880484580994,0.328956663608551,0.18824568390846252,0.03,0
1,train,node-a8-103,3.2552363872528076,4.184648036956787,0.9294116497039795,0.10329160839319229,0.19061132669448855,1000,0.01578521728515625,,23284,,,,1729468943,0.1501573920249939,0.849860429763794,0.5008673667907715,0.19980885088443756,0.05,2
2,train,node-a8-103,3.2552363872528076,4.184648036956787,0.9294116497039795,0.10329160839319229,0.19061132669448855,1000,0.01578521728515625,,23284,1.990936040878296,0.3089020252227783,2.299838066101074,1729468943,0.1501573920249939,0.849860429763794,0.5008673667907715,0.19980885088443756,0.05,2
1,evaluate,node-a8-104,3.3352904319763184,,,,,300,,0.0014841556549072266,23172,,,,3363181137,0.1509082168340683,0.8488685488700867,0.5004993081092834,0.2028900682926178,0.05,2
2,evaluate,node-a8-104,3.3352904319763184,,,0.08119188249111176,0.174515038728714,300,,0.0014841556549072266,23172,0.9427974224090576,0.323681116104126,1.2664785385131836,3363181137,0.1509082168340683,0.8488685488700867,0.5004993081092834,0.2028900682926178,0.05,2
1,evaluate,node-a8-103,3.39748215675354,,,,,300,,0.0012209415435791016,23292,,,,1729568943,0.15067467093467712,0.8494773507118225,0.5068421363830566,0.20967209339141846,0.05,2
2,evaluate,node-a8-103,3.39748215675354,,,0.08119188249111176,0.174515038728714,300,,0.0012209415435791016,23292,1.9698007106781006,0.2885282039642334,2.258328914642334,1729568943,0.15067467093467712,0.8494773507118225,0.5068421363830566,0.20967209339141846,0.05,2
1,evaluate,node-a8-105,2.1979713439941406,,,,,300,,0.0012574195861816406,23180,,,,645297529,7.200141408247873e-05,0.6479564905166626,0.31856217980384827,0.19118539988994598,0.03,0
2,evaluate,node-a8-105,2.1979713439941406,,,0.08119188249111176,0.174515038728714,300,,0.0012574195861816406,23180,1.3006980419158936,0.30916428565979004,1.6098623275756836,645297529,7.200141408247873e-05,0.6479564905166626,0.31856217980384827,0.19118539988994598,0.03,0
1,train,node-a8-104,2.6342813968658447,3.3868672847747803,0.7525858879089355,0.17553146183490753,0.34528177618980405,1000,0.016165971755981445,,23176,,,,3363081137,0.15053927898406982,0.8493123650550842,0.5061652660369873,0.20555640757083893,0.05,2
2,train,node-a8-104,2.6342813968658447,3.3868672847747803,0.7525858879089355,0.17553146183490753,0.34528177618980405,1000,0.016165971755981445,,23176,0.1741030216217041,0.3059122562408447,0.48001527786254883,3363081137,0.15053927898406982,0.8493123650550842,0.5061652660369873,0.20555640757083893,0.05,2
3,train,node-a8-103,2.6126091480255127,3.355137348175049,0.7425282001495361,0.173927903175354,0.3446644413471222,1000,0.016507863998413086,,23292,,,,1729468943,0.1501573920249939,0.849860429763794,0.5008673667907715,0.19980885088443756,0.05,2
4,train,node-a8-103,2.6126091480255127,3.355137348175049,0.7425282001495361,0.173927903175354,0.3446644413471222,1000,0.016507863998413086,,23292,0.10004878044128418,0.3042876720428467,0.40433645248413086,1729468943,0.1501573920249939,0.849860429763794,0.5008673667907715,0.19980885088443756,0.05,2
3,train,node-a8-105,1.8115617036819458,2.2495579719543457,0.4379962682723999,0.1336747109889984,0.31368748068809515,1000,0.015859365463256836,,23180,,,,645197529,0.0006419808487407863,0.6495880484580994,0.328956663608551,0.18824568390846252,0.03,0
4,train,node-a8-105,1.8115617036819458,2.2495579719543457,0.4379962682723999,0.1336747109889984,0.31368748068809515,1000,0.015859365463256836,,23180,0.4391958713531494,0.30399465560913086,0.7431905269622803,645197529,0.0006419808487407863,0.6495880484580994,0.328956663608551,0.18824568390846252,0.03,0
3,evaluate,node-a8-103,2.7034730911254883,,,,,300,,0.0014047622680664062,23292,,,,1729568943,0.15067467093467712,0.8494773507118225,0.5068421363830566,0.20967209339141846,0.05,2
4,evaluate,node-a8-103,2.7034730911254883,,,0.16104470193386078,0.3345445692539215,300,,0.0014047622680664062,23292,0.1856520175933838,0.2882115840911865,0.4738636016845703,1729568943,0.15067467093467712,0.8494773507118225,0.5068421363830566,0.20967209339141846,0.05,2
3,evaluate,node-a8-105,1.6884799003601074,,,,,300,,0.0014295578002929688,23180,,,,645297529,7.200141408247873e-05,0.6479564905166626,0.31856217980384827,0.19118539988994598,0.03,0
4,evaluate,node-a8-105,1.6884799003601074,,,0.16104470193386078,0.3345445692539215,300,,0.0014295578002929688,23180,0.5414998531341553,0.2879776954650879,0.8294775485992432,645297529,7.200141408247873e-05,0.6479564905166626,0.31856217980384827,0.19118539988994598,0.03,0
3,evaluate,node-a8-104,2.64970326423645,,,,,300,,0.0012764930725097656,23176,,,,3363181137,0.1509082168340683,0.8488685488700867,0.5004993081092834,0.2028900682926178,0.05,2
4,evaluate,node-a8-104,2.64970326423645,,,0.16104470193386078,0.3345445692539215,300,,0.0012764930725097656,23176,1.780019760131836,0.2889740467071533,2.0689938068389893,3363181137,0.1509082168340683,0.8488685488700867,0.5004993081092834,0.2028900682926178,0.05,2
5,train,node-a8-105,1.3971909284591675,1.7312779426574707,0.3340870141983032,0.20739194750785828,0.45589855551719666,1000,0.016139984130859375,,23184,,,,645197529,0.0006419808487407863,0.6495880484580994,0.328956663608551,0.18824568390846252,0.03,0
6,train,node-a8-105,1.3971909284591675,1.7312779426574707,0.3340870141983032,0.20739194750785828,0.45589855551719666,1000,0.016139984130859375,,23184,1.1286158561706543,0.3049507141113281,1.4335665702819824,645197529,0.0006419808487407863,0.6495880484580994,0.328956663608551,0.18824568390846252,0.03,0
3,train,node-a8-104,2.0980336666107178,2.6938960552215576,0.5958623886108398,0.24541859328746796,0.4862551963329315,1000,0.016609668731689453,,23176,,,,3363081137,0.15053927898406982,0.8493123650550842,0.5061652660369873,0.20555640757083893,0.05,2
4,train,node-a8-104,2.0980336666107178,2.6938960552215576,0.5958623886108398,0.24541859328746796,0.4862551963329315,1000,0.016609668731689453,,23176,2.1413419246673584,0.3083057403564453,2.4496476650238037,3363081137,0.15053927898406982,0.8493123650550842,0.5061652660369873,0.20555640757083893,0.05,2
5,train,node-a8-103,2.0793778896331787,2.6669325828552246,0.5875546932220459,0.24395136535167694,0.4856736171245575,1000,0.016754865646362305,,23296,,,,1729468943,0.1501573920249939,0.849860429763794,0.5008673667907715,0.19980885088443756,0.05,2
6,train,node-a8-103,2.0793778896331787,2.6669325828552246,0.5875546932220459,0.24395136535167694,0.4856736171245575,1000,0.016754865646362305,,23296,1.0658783912658691,0.30510711669921875,1.370985507965088,1729468943,0.1501573920249939,0.849860429763794,0.5008673667907715,0.19980885088443756,0.05,2
5,evaluate,node-a8-105,1.2954061031341553,,,,,300,,0.001232147216796875,23188,,,,645297529,7.200141408247873e-05,0.6479564905166626,0.31856217980384827,0.19118539988994598,0.03,0
6,evaluate,node-a8-105,1.2954061031341553,,,0.23225396871566772,0.4759424924850464,300,,0.001232147216796875,23188,0.1580648422241211,0.2880992889404297,0.4461641311645508,645297529,7.200141408247873e-05,0.6479564905166626,0.31856217980384827,0.19118539988994598,0.03,0
5,evaluate,node-a8-104,2.109926223754883,,,,,300,,0.001256704330444336,23180,,,,3363181137,0.1509082168340683,0.8488685488700867,0.5004993081092834,0.2028900682926178,0.05,2
6,evaluate,node-a8-104,2.109926223754883,,,0.23225396871566772,0.4759424924850464,300,,0.001256704330444336,23180,0.1570127010345459,0.28943896293640137,0.44645166397094727,3363181137,0.1509082168340683,0.8488685488700867,0.5004993081092834,0.2028900682926178,0.05,2
5,evaluate,node-a8-103,2.156594753265381,,,,,300,,0.001346588134765625,23300,,,,1729568943,0.15067467093467712,0.8494773507118225,0.5068421363830566,0.20967209339141846,0.05,2
6,evaluate,node-a8-103,2.156594753265381,,,0.23225396871566772,0.4759424924850464,300,,0.001346588134765625,23300,0.16218328475952148,0.2891509532928467,0.45133423805236816,1729568943,0.15067467093467712,0.8494773507118225,0.5068421363830566,0.20967209339141846,0.05,2
7,train,node-a8-105,1.0770442485809326,1.330920696258545,0.2538764476776123,0.27317091822624207,0.5815320253372193,1000,0.015881776809692383,,23188,,,,645197529,0.0006419808487407863,0.6495880484580994,0.328956663608551,0.18824568390846252,0.03,0
8,train,node-a8-105,1.0770442485809326,1.330920696258545,0.2538764476776123,0.27317091822624207,0.5815320253372193,1000,0.015881776809692383,,23188,0.2526273727416992,0.30522823333740234,0.5578556060791016,645197529,0.0006419808487407863,0.6495880484580994,0.328956663608551,0.18824568390846252,0.03,0
5,train,node-a8-104,1.6755061149597168,2.1478867530822754,0.4723806381225586,0.30780383944511414,0.6107842326164246,1000,0.01645970344543457,,23180,,,,3363081137,0.15053927898406982,0.8493123650550842,0.5061652660369873,0.20555640757083893,0.05,2
6,train,node-a8-104,1.6755061149597168,2.1478867530822754,0.4723806381225586,0.30780383944511414,0.6107842326164246,1000,0.01645970344543457,,23180,0.20483088493347168,0.3048515319824219,0.5096824169158936,3363081137,0.15053927898406982,0.8493123650550842,0.5061652660369873,0.20555640757083893,0.05,2
7,train,node-a8-103,1.659355640411377,2.1248466968536377,0.46549105644226074,0.3064574897289276,0.6102345728874206,1000,0.016558170318603516,,23300,,,,1729468943,0.1501573920249939,0.849860429763794,0.5008673667907715,0.19980885088443756,0.05,2
8,train,node-a8-103,1.659355640411377,2.1248466968536377,0.46549105644226074,0.3064574897289276,0.6102345728874206,1000,0.016558170318603516,,23300,0.2516183853149414,0.3056213855743408,0.5572397708892822,1729468943,0.1501573920249939,0.849860429763794,0.5008673667907715,0.19980885088443756,0.05,2
7,evaluate,node-a8-104,1.684683918952942,,,,,300,,0.0012722015380859375,23184,,,,3363181137,0.1509082168340683,0.8488685488700867,0.5004993081092834,0.2028900682926178,0.05,2
8,evaluate,node-a8-104,1.684683918952942,,,0.2958107590675354,0.6008502840995789,300,,0.0012722015380859375,23184,1.6862947940826416,0.2893514633178711,1.9756462574005127,3363181137,0.1509082168340683,0.8488685488700867,0.5004993081092834,0.2028900682926178,0.05,2
7,evaluate,node-a8-103,1.7253450155258179,,,,,300,,0.0012383460998535156,23300,,,,1729568943,0.15067467093467712,0.8494773507118225,0.5068421363830566,0.20967209339141846,0.05,2
8,evaluate,node-a8-103,1.7253450155258179,,,0.2958107590675354,0.6008502840995789,300,,0.0012383460998535156,23300,1.633784294128418,0.2882096767425537,1.9219939708709717,1729568943,0.15067467093467712,0.8494773507118225,0.5068421363830566,0.20967209339141846,0.05,2
7,evaluate,node-a8-105,0.9928025603294373,,,,,300,,0.0013158321380615234,23188,,,,645297529,7.200141408247873e-05,0.6479564905166626,0.31856217980384827,0.19118539988994598,0.03,0
8,evaluate,node-a8-105,0.9928025603294373,,,0.2958107590675354,0.6008502840995789,300,,0.0013158321380615234,23188,0.9539034366607666,0.28980326652526855,1.2437067031860352,645297529,7.200141408247873e-05,0.6479564905166626,0.31856217980384827,0.19118539988994598,0.03,0
9,train,node-a8-105,0.830170750617981,1.0222609043121338,0.19209015369415283,0.33192169666290283,0.6924933576583863,1000,0.016956090927124023,,23188,,,,645197529,0.0006419808487407863,0.6495880484580994,0.328956663608551,0.18824568390846252,0.03,0
10,train,node-a8-105,0.830170750617981,1.0222609043121338,0.19209015369415283,0.33192169666290283,0.6924933576583863,1000,0.016956090927124023,,23188,0.003984928131103516,0.30620384216308594,0.31018877029418945,645197529,0.0006419808487407863,0.6495880484580994,0.328956663608551,0.18824568390846252,0.03,0
7,train,node-a8-104,1.3423434495925903,1.71736741065979,0.3750239610671997,0.36354708671569824,0.7207590889930725,1000,0.016415834426879883,,23184,,,,3363081137,0.15053927898406982,0.8493123650550842,0.5061652660369873,0.20555640757083893,0.05,2
8,train,node-a8-104,1.3423434495925903,1.71736741065979,0.3750239610671997,0.36354708671569824,0.7207590889930725,1000,0.016415834426879883,,23184,2.22967791557312,0.30653810501098633,2.5362160205841064,3363081137,0.15053927898406982,0.8493123650550842,0.5061652660369873,0.20555640757083893,0.05,2
9,train,node-a8-103,1.3282815217971802,1.6975680589675903,0.36928653717041016,0.3623080253601074,0.7202379322052002,1000,0.016565799713134766,,23300,,,,1729468943,0.1501573920249939,0.849860429763794,0.5008673667907715,0.19980885088443756,0.05,2
10,train,node-a8-103,1.3282815217971802,1.6975680589675903,0.36928653717041016,0.3623080253601074,0.7202379322052002,1000,0.016565799713134766,,23300,1.2392241954803467,0.30629825592041016,1.5455224514007568,1729468943,0.1501573920249939,0.849860429763794,0.5008673667907715,0.19980885088443756,0.05,2
9,evaluate,node-a8-104,1.3494391441345215,,,,,300,,0.0012726783752441406,23184,,,,3363181137,0.1509082168340683,0.8488685488700867,0.5004993081092834,0.2028900682926178,0.05,2
10,evaluate,node-a8-104,1.3494391441345215,,,0.3525922894477844,0.7111634612083435,300,,0.0012726783752441406,23184,0.4009115695953369,0.28788113594055176,0.6887927055358887,3363181137,0.1509082168340683,0.8488685488700867,0.5004993081092834,0.2028900682926178,0.05,2
9,evaluate,node-a8-105,0.7604284286499023,,,,,300,,0.0012290477752685547,23188,,,,645297529,7.200141408247873e-05,0.6479564905166626,0.31856217980384827,0.19118539988994598,0.03,0
10,evaluate,node-a8-105,0.7604284286499023,,,0.3525922894477844,0.7111634612083435,300,,0.0012290477752685547,23188,1.6591212749481201,0.2881608009338379,1.947282075881958,645297529,7.200141408247873e-05,0.6479564905166626,0.31856217980384827,0.19118539988994598,0.03,0
9,evaluate,node-a8-103,1.3850005865097046,,,,,300,,0.0012469291687011719,23300,,,,1729568943,0.15067467093467712,0.8494773507118225,0.5068421363830566,0.20967209339141846,0.05,2
10,evaluate,node-a8-103,1.3850005865097046,,,0.3525922894477844,0.7111634612083435,300,,0.0012469291687011719,23300,1.6008079051971436,0.2878580093383789,1.8886659145355225,1729568943,0.15067467093467712,0.8494773507118225,0.5068421363830566,0.20967209339141846,0.05,2
11,train,node-a8-103,1.0671181678771973,1.3605271577835083,0.29340898990631104,0.4122656285762787,0.8173572039604187,1000,0.01592397689819336,,23300,,,,1729468943,0.1501573920249939,0.849860429763794,0.5008673667907715,0.19980885088443756,0.05,2
12,train,node-a8-103,1.0671181678771973,1.3605271577835083,0.29340898990631104,0.4122656285762787,0.8173572039604187,1000,0.01592397689819336,,23300,0.6699979305267334,0.3060903549194336,0.976088285446167,1729468943,0.1501573920249939,0.849860429763794,0.5008673667907715,0.19980885088443756,0.05,2
9,train,node-a8-104,1.0794330835342407,1.377639889717102,0.29820680618286133,0.4134094715118408,0.8178528690338136,1000,0.0164034366607666,,23184,,,,3363081137,0.15053927898406982,0.8493123650550842,0.5061652660369873,0.20555640757083893,0.05,2
10,train,node-a8-104,1.0794330835342407,1.377639889717102,0.29820680618286133,0.4134094715118408,0.8178528690338136,1000,0.0164034366607666,,23184,1.0245373249053955,0.3048100471496582,1.3293473720550537,3363081137,0.15053927898406982,0.8493123650550842,0.5061652660369873,0.20555640757083893,0.05,2
11,train,node-a8-105,0.6402223110198975,0.7848341464996338,0.14461183547973633,0.38444969058036804,0.7904691636562348,1000,0.01582503318786621,,23188,,,,645197529,0.0006419808487407863,0.6495880484580994,0.328956663608551,0.18824568390846252,0.03,0
12,train,node-a8-105,0.6402223110198975,0.7848341464996338,0.14461183547973633,0.38444969058036804,0.7904691636562348,1000,0.01582503318786621,,23188,2.2497637271881104,0.30522918701171875,2.554992914199829,645197529,0.0006419808487407863,0.6495880484580994,0.328956663608551,0.18824568390846252,0.03,0
11,evaluate,node-a8-105,0.5825028419494629,,,,,300,,0.0012366771697998047,23188,,,,645297529,7.200141408247873e-05,0.6479564905166626,0.31856217980384827,0.19118539988994598,0.03,0
12,evaluate,node-a8-105,0.5825028419494629,,,0.40337494015693665,0.808559775352478,300,,0.0012366771697998047,23188,1.6105999946594238,0.2898273468017578,1.9004273414611816,645297529,7.200141408247873e-05,0.6479564905166626,0.31856217980384827,0.19118539988994598,0.03,0
11,evaluate,node-a8-104,1.0849369764328003,,,,,300,,0.0012638568878173828,23184,,,,3363181137,0.1509082168340683,0.8488685488700867,0.5004993081092834,0.2028900682926178,0.05,2
12,evaluate,node-a8-104,1.0849369764328003,,,0.40337494015693665,0.808559775352478,300,,0.0012638568878173828,23184,1.5917253494262695,0.2884848117828369,1.8802101612091064,3363181137,0.1509082168340683,0.8488685488700867,0.5004993081092834,0.2028900682926178,0.05,2
11,evaluate,node-a8-103,1.116155743598938,,,,,300,,0.0012438297271728516,23300,,,,1729568943,0.15067467093467712,0.8494773507118225,0.5068421363830566,0.20967209339141846,0.05,2
12,evaluate,node-a8-103,1.116155743598938,,,0.40337494015693665,0.808559775352478,300,,0.0012438297271728516,23300,1.5554170608520508,0.28772854804992676,1.8431456089019775,1729568943,0.15067467093467712,0.8494773507118225,0.5068421363830566,0.20967209339141846,0.05,2
13,train,node-a8-103,0.8609251976013184,1.0944403409957886,0.23351514339447021,0.4570053517818451,0.9030736184120178,1000,0.016004323959350586,,23300,,,,1729468943,0.1501573920249939,0.849860429763794,0.5008673667907715,0.19980885088443756,0.05,2
14,train,node-a8-103,0.8609251976013184,1.0944403409957886,0.23351514339447021,0.4570053517818451,0.9030736184120178,1000,0.016004323959350586,,23300,0.5694804191589355,0.3038456439971924,0.8733260631561279,1729468943,0.1501573920249939,0.849860429763794,0.5008673667907715,0.19980885088443756,0.05,2
13,train,node-a8-105,0.4944472312927246,0.6026801466941833,0.10823291540145874,0.4314678907394409,0.8769523084163666,1000,0.016143321990966797,,23188,,,,645197529,0.0006419808487407863,0.6495880484580994,0.328956663608551,0.18824568390846252,0.03,0
14,train,node-a8-105,0.4944472312927246,0.6026801466941833,0.10823291540145874,0.4314678907394409,0.8769523084163666,1000,0.016143321990966797,,23188,1.893561840057373,0.3073306083679199,2.200892448425293,645197529,0.0006419808487407863,0.6495880484580994,0.328956663608551,0.18824568390846252,0.03,0
11,train,node-a8-104,0.8717731237411499,1.1093181371688843,0.23754501342773438,0.4580647051334381,0.903546451330185,1000,0.01633620262145996,,23184,,,,3363081137,0.15053927898406982,0.8493123650550842,0.5061652660369873,0.20555640757083893,0.05,2
12,train,node-a8-104,0.8717731237411499,1.1093181371688843,0.23754501342773438,0.4580647051334381,0.903546451330185,1000,0.01633620262145996,,23184,1.8591499328613281,0.306182861328125,2.165332794189453,3363081137,0.15053927898406982,0.8493123650550842,0.5061652660369873,0.20555640757083893,0.05,2
13,evaluate,node-a8-105,0.44673070311546326,,,,,300,,0.001592397689819336,23188,,,,645297529,7.200141408247873e-05,0.6479564905166626,0.31856217980384827,0.19118539988994598,0.03,0
14,evaluate,node-a8-105,0.44673070311546326,,,0.4488460123538971,0.8945241570472717,300,,0.001592397689819336,23188,0.028122663497924805,0.2889726161956787,0.3170952796936035,645297529,7.200141408247873e-05,0.6479564905166626,0.31856217980384827,0.19118539988994598,0.03,0
13,evaluate,node-a8-104,0.8760649561882019,,,,,300,,0.001237630844116211,23184,,,,3363181137,0.1509082168340683,0.8488685488700867,0.5004993081092834,0.2028900682926178,0.05,2
14,evaluate,node-a8-104,0.8760649561882019,,,0.4488460123538971,0.8945241570472717,300,,0.001237630844116211,23184,0.0304107666015625,0.2894115447998047,0.3198223114013672,3363181137,0.1509082168340683,0.8488685488700867,0.5004993081092834,0.2028900682926178,0.05,2
13,evaluate,node-a8-103,0.9035738110542297,,,,,300,,0.0012302398681640625,23300,,,,1729568943,0.15067467093467712,0.8494773507118225,0.5068421363830566,0.20967209339141846,0.05,2
14,evaluate,node-a8-103,0.9035738110542297,,,0.4488460123538971,0.8945241570472717,300,,0.0012302398681640625,23300,1.263366460800171,0.2892723083496094,1.5526387691497803,1729568943,0.15067467093467712,0.8494773507118225,0.5068421363830566,0.20967209339141846,0.05,2
15,train,node-a8-105,0.38290634751319885,0.4633581042289734,0.08045175671577454,0.4736073613166809,0.9532640612125398,1000,0.01596856117248535,,23188,,,,645197529,0.0006419808487407863,0.6495880484580994,0.328956663608551,0.18824568390846252,0.03,0
16,train,node-a8-105,0.38290634751319885,0.4633581042289734,0.08045175671577454,0.4736073613166809,0.9532640612125398,1000,0.01596856117248535,,23188,1.6625607013702393,0.3044610023498535,1.9670217037200928,645197529,0.0006419808487407863,0.6495880484580994,0.328956663608551,0.18824568390846252,0.03,0
13,train,node-a8-104,0.7075855731964111,0.8971817493438721,0.18959617614746094,0.49810898303985596,0.9791505253314972,1000,0.01627063751220703,,23184,,,,3363081137,0.15053927898406982,0.8493123650550842,0.5061652660369873,0.20555640757083893,0.05,2
14,train,node-a8-104,0.7075855731964111,0.8971817493438721,0.18959617614746094,0.49810898303985596,0.9791505253314972,1000,0.01627063751220703,,23184,1.6481950283050537,0.3057229518890381,1.9539179801940918,3363081137,0.15053927898406982,0.8493123650550842,0.5061652660369873,0.20555640757083893,0.05,2
15,train,node-a8-103,0.6979736685752869,0.8841702938079834,0.18619662523269653,0.4971247613430023,0.9786981511116027,1000,0.01596999168395996,,23300,,,,1729468943,0.1501573920249939,0.849860429763794,0.5008673667907715,0.19980885088443756,0.05,2
16,train,node-a8-103,0.6979736685752869,0.8841702938079834,0.18619662523269653,0.4971247613430023,0.9786981511116027,1000,0.01596999168395996,,23300,1.6014106273651123,0.30520176887512207,1.9066123962402344,1729468943,0.1501573920249939,0.849860429763794,0.5008673667907715,0.19980885088443756,0.05,2
15,evaluate,node-a8-103,0.7352896332740784,,,,,300,,0.0013785362243652344,23300,,,,1729568943,0.15067467093467712,0.8494773507118225,0.5068421363830566,0.20967209339141846,0.05,2
16,evaluate,node-a8-103,0.7352896332740784,,,0.48961371183395386,0.9703709483146667,300,,0.0013785362243652344,23300,1.9955978393554688,0.2872798442840576,2.2828776836395264,1729568943,0.15067467093467712,0.8494773507118225,0.5068421363830566,0.20967209339141846,0.05,2
15,evaluate,node-a8-105,0.3435392379760742,,,,,300,,0.0012378692626953125,23188,,,,645297529,7.200141408247873e-05,0.6479564905166626,0.31856217980384827,0.19118539988994598,0.03,0
16,evaluate,node-a8-105,0.3435392379760742,,,0.48961371183395386,0.9703709483146667,300,,0.0012378692626953125,23188,1.2876732349395752,0.29082179069519043,1.5784950256347656,645297529,7.200141408247873e-05,0.6479564905166626,0.31856217980384827,0.19118539988994598,0.03,0
15,evaluate,node-a8-104,0.710959255695343,,,,,300,,0.001232147216796875,23184,,,,3363181137,0.1509082168340683,0.8488685488700867,0.5004993081092834,0.2028900682926178,0.05,2
16,evaluate,node-a8-104,0.710959255695343,,,0.48961371183395386,0.9703709483146667,300,,0.001232147216796875,23184,1.2690515518188477,0.2893955707550049,1.5584471225738525,3363181137,0.1509082168340683,0.8488685488700867,0.5004993081092834,0.2028900682926178,0.05,2
15,train,node-a8-104,0.5776212811470032,0.7292783260345459,0.15165704488754272,0.5340701341629028,1.0458252096176146,1000,0.016256332397460938,,23184,,,,3363081137,0.15053927898406982,0.8493123650550842,0.5061652660369873,0.20555640757083893,0.05,2
16,train,node-a8-104,0.5776212811470032,0.7292783260345459,0.15165704488754272,0.5340701341629028,1.0458252096176146,1000,0.016256332397460938,,23184,0.4166679382324219,0.3057384490966797,0.7224063873291016,3363081137,0.15053927898406982,0.8493123650550842,0.5061652660369873,0.20555640757083893,0.05,2
17,train,node-a8-105,0.29785698652267456,0.35717737674713135,0.05932039022445679,0.511426568031311,1.0205739122629165,1000,0.01591658592224121,,23188,,,,645197529,0.0006419808487407863,0.6495880484580994,0.328956663608551,0.18824568390846252,0.03,0
18,train,node-a8-105,0.29785698652267456,0.35717737674713135,0.05932039022445679,0.511426568031311,1.0205739122629165,1000,0.01591658592224121,,23188,1.6819283962249756,0.30722951889038086,1.9891579151153564,645197529,0.0006419808487407863,0.6495880484580994,0.328956663608551,0.18824568390846252,0.03,0
17,train,node-a8-103,0.5690547823905945,0.7178309559822083,0.14877617359161377,0.53315269947052,1.0453912103176115,1000,0.016453266143798828,,23300,,,,1729468943,0.1501573920249939,0.849860429763794,0.5008673667907715,0.19980885088443756,0.05,2
18,train,node-a8-103,0.5690547823905945,0.7178309559822083,0.14877617359161377,0.53315269947052,1.0453912103176115,1000,0.016453266143798828,,23300,1.5475728511810303,0.30452990531921387,1.8521027565002441,1729468943,0.1501573920249939,0.849860429763794,0.5008673667907715,0.19980885088443756,0.05,2
17,evaluate,node-a8-105,0.2654814124107361,,,,,300,,0.0012290477752685547,23188,,,,645297529,7.200141408247873e-05,0.6479564905166626,0.31856217980384827,0.19118539988994598,0.03,0
18,evaluate,node-a8-105,0.2654814124107361,,,0.5262165069580078,1.0372635126113892,300,,0.0012290477752685547,23188,0.8114321231842041,0.2900118827819824,1.1014440059661865,645297529,7.200141408247873e-05,0.6479564905166626,0.31856217980384827,0.19118539988994598,0.03,0
17,evaluate,node-a8-104,0.5803033709526062,,,,,300,,0.0012402534484863281,23184,,,,3363181137,0.1509082168340683,0.8488685488700867,0.5004993081092834,0.2028900682926178,0.05,2
18,evaluate,node-a8-104,0.5803033709526062,,,0.5262165069580078,1.0372635126113892,300,,0.0012402534484863281,23184,2.0143516063690186,0.28840208053588867,2.3027536869049072,3363181137,0.1509082168340683,0.8488685488700867,0.5004993081092834,0.2028900682926178,0.05,2
17,evaluate,node-a8-103,0.6019025444984436,,,,,300,,0.0016939640045166016,23300,,,,1729568943,0.15067467093467712,0.8494773507118225,0.5068421363830566,0.20967209339141846,0.05,2
18,evaluate,node-a8-103,0.6019025444984436,,,0.5262165069580078,1.0372635126113892,300,,0.0016939640045166016,23300,1.9509468078613281,0.28820252418518066,2.239149332046509,1729568943,0.15067467093467712,0.8494773507118225,0.5068421363830566,0.20967209339141846,0.05,2
19,train,node-a8-103,0.46693548560142517,0.5860866904258728,0.11915120482444763,0.5655573010444641,1.104179883003235,1000,0.01667952537536621,,23304,,,,1729468943,0.1501573920249939,0.849860429763794,0.5008673667907715,0.19980885088443756,0.05,2
20,train,node-a8-103,0.46693548560142517,0.5860866904258728,0.11915120482444763,0.5655573010444641,1.104179883003235,1000,0.01667952537536621,,23304,0.017489194869995117,0.3067457675933838,0.3242349624633789,1729468943,0.1501573920249939,0.849860429763794,0.5008673667907715,0.19980885088443756,0.05,2
19,train,node-a8-105,0.23327207565307617,0.2765951454639435,0.04332306981086731,0.5454199910163879,1.0799170279502865,1000,0.01757955551147461,,23192,,,,645197529,0.0006419808487407863,0.6495880484580994,0.328956663608551,0.18824568390846252,0.03,0
20,train,node-a8-105,0.23327207565307617,0.2765951454639435,0.04332306981086731,0.5454199910163879,1.0799170279502865,1000,0.01757955551147461,,23192,1.3772931098937988,0.3104722499847412,1.68776535987854,645197529,0.0006419808487407863,0.6495880484580994,0.328956663608551,0.18824568390846252,0.03,0
17,train,node-a8-104,0.47461482882499695,0.596218466758728,0.12160363793373108,0.5664153695106506,1.1045973587036133,1000,0.016328096389770508,,23184,,,,3363081137,0.15053927898406982,0.8493123650550842,0.5061652660369873,0.20555640757083893,0.05,2
18,train,node-a8-104,0.47461482882499695,0.596218466758728,0.12160363793373108,0.5664153695106506,1.1045973587036133,1000,0.016328096389770508,,23184,1.6629703044891357,0.30711817741394043,1.9700884819030762,3363081137,0.15053927898406982,0.8493123650550842,0.5061652660369873,0.20555640757083893,0.05,2
19,evaluate,node-a8-105,0.2067694216966629,,,,,300,,0.0012238025665283203,23192,,,,645297529,7.200141408247873e-05,0.6479564905166626,0.31856217980384827,0.19118539988994598,0.03,0
20,evaluate,node-a8-105,0.2067694216966629,,,0.5591309070587158,1.096231460571289,300,,0.0012238025665283203,23192,1.0288443565368652,0.29086828231811523,1.3197126388549805,645297529,7.200141408247873e-05,0.6479564905166626,0.31856217980384827,0.19118539988994598,0.03,0
19,evaluate,node-a8-104,0.4767797887325287,,,,,300,,0.0012431144714355469,23188,,,,3363181137,0.1509082168340683,0.8488685488700867,0.5004993081092834,0.2028900682926178,0.05,2
20,evaluate,node-a8-104,0.4767797887325287,,,0.5591309070587158,1.096231460571289,300,,0.0012431144714355469,23188,2.016850233078003,0.2890470027923584,2.3058972358703613,3363181137,0.1509082168340683,0.8488685488700867,0.5004993081092834,0.2028900682926178,0.05,2
19,evaluate,node-a8-103,0.4960257411003113,,,,,300,,0.001230478286743164,23304,,,,1729568943,0.15067467093467712,0.8494773507118225,0.5068421363830566,0.20967209339141846,0.05,2
20,evaluate,node-a8-103,0.4960257411003113,,,0.5591309070587158,1.096231460571289,300,,0.001230478286743164,23304,0.9226515293121338,0.288421630859375,1.2110731601715088,1729568943,0.15067467093467712,0.8494773507118225,0.5068421363830566,0.20967209339141846,0.05,2
